<?xml version="1.0" encoding="UTF-8"?>

<!DOCTYPE tiles-definitions PUBLIC
       "-//Apache Software Foundation//DTD Tiles Configuration 3.0//EN"
       "http://tiles.apache.org/dtds/tiles-config_3_0.dtd">
<tiles-definitions>

	<definition name="myWeb" template="/WEB-INF/views/layouts/layout.jsp">
		<put-attribute name="title" value="MyWeb" />
		<put-attribute name="header" value="/WEB-INF/views/layouts/header.jsp" />
		<put-attribute name="menu" value="/WEB-INF/views/layouts/menu.jsp" />
		<put-attribute name="body" value="" />
		<put-attribute name="footer" value="/WEB-INF/views/layouts/footer.jsp" />
	</definition>
	<definition name = "WILDCARD:*/*" extends = "myWeb">
		<put-attribute name="body" value="/WEB-INF/views/{1}/{2}.jsp" />
	</definition>
	
	
</tiles-definitions>
